CREATE DATABASE proyectos;
USE proyectos;

DROP TABLE IF EXISTS `empleados`;
CREATE TABLE `empleados` (
  `empleado` int(10) unsigned NOT NULL auto_increment,
  `nombre` varchar(45) NOT NULL default '',
  `apellidos` varchar(45) NOT NULL default '',
  `DNI` varchar(9) NOT NULL default '',
  PRIMARY KEY  (`empleado`)
);
/* ELIMINACION DE LAS TABLAS EXISTENTES */
DROP TABLE IF EXISTS `ASIGNADOS`;
DROP TABLE IF EXISTS `CIENTIFICOS`;
DROP TABLE IF EXISTS `PROYECTOS`;

/* CREACION DE LAS TABLAS DEL EJERCICIO */
CREATE TABLE `CIENTIFICOS`(
       `DNI` varchar(9) not null default '',
       `NOMBRE` varchar(50) not null default '',
       PRIMARY KEY  (`DNI`)
);

CREATE TABLE `PROYECTOS`(
       `IDPROYECTO` varchar(4),
       `NOMBRE` varchar(50) not null default '',
       `HORAS` int(2) not null default '0',
       PRIMARY KEY  (`IDPROYECTO`)
);

CREATE TABLE `ASIGNADOS`(
       `CIENTIFICO` varchar(9) default '',
       `PROYECTO` varchar(4) default '',
       PRIMARY KEY  (`CIENTIFICO`,`PROYECTO`),
       FOREIGN KEY (`CIENTIFICO`) REFERENCES CIENTIFICOS (`DNI`),
       FOREIGN KEY (`PROYECTO`) REFERENCES PROYECTOS(`IDPROYECTO`)
);

/* INSERCION DE VALORES DE PRUEBA PARA EL EJERCICIO*/
INSERT INTO `CIENTIFICOS` VALUES('12345678Z','MIGUEL ANGEL BORRAZ');
INSERT INTO `CIENTIFICOS` VALUES('87654321Z','OMAR CESTER');
INSERT INTO `CIENTIFICOS` VALUES('23456789X','CAIUS DRAGOTA');
INSERT INTO `CIENTIFICOS` VALUES('34567891S','JOSE MICOLAU');
INSERT INTO `CIENTIFICOS` VALUES('45678901Z','DAVID POLO');
INSERT INTO `CIENTIFICOS` VALUES('56789012L','DANIEL JURADO');
INSERT INTO `CIENTIFICOS` VALUES('87654356Z','ELENA MAGALLON');
INSERT INTO `CIENTIFICOS` VALUES('45768932Z','MIGEL ALQUEZAR');
INSERT INTO `CIENTIFICOS` VALUES('12348567Y','MARIA GRAU');

INSERT INTO `PROYECTOS` VALUES ('DISA','DISEÑO APLICACIONES INFORMATICAS','320');
INSERT INTO `PROYECTOS` VALUES ('PROG','INICIOS DE PROGRAMACION','258');
INSERT INTO `PROYECTOS` VALUES ('SIST','SISTEMAS OPERATIVOS','180');
INSERT INTO `PROYECTOS` VALUES ('REDE','REDES Y COMUNICACIONES','360');

INSERT INTO `ASIGNADOS` VALUES ('12345678Z','PROG');
INSERT INTO `ASIGNADOS` VALUES ('45678901Z','DISA');
INSERT INTO `ASIGNADOS` VALUES ('23456789X','SIST');
INSERT INTO `ASIGNADOS` VALUES ('56789012L','DISA');
INSERT INTO `ASIGNADOS` VALUES ('45678901Z','SIST');
INSERT INTO `ASIGNADOS` VALUES ('45768932Z','DISA');
INSERT INTO `ASIGNADOS` VALUES ('23456789X','PROG');
INSERT INTO `ASIGNADOS` VALUES ('87654356Z','DISA');
INSERT INTO `ASIGNADOS` VALUES ('45678901Z','REDE');
INSERT INTO `ASIGNADOS` VALUES ('56789012L','SIST');
INSERT INTO `ASIGNADOS` VALUES ('45678901Z','PROG');
INSERT INTO `ASIGNADOS` VALUES ('45768932Z','REDE');
INSERT INTO `ASIGNADOS` VALUES ('12345678Z','SIST');
INSERT INTO `ASIGNADOS` VALUES ('23456789X','DISA');
INSERT INTO `ASIGNADOS` VALUES ('87654356Z','REDE');
INSERT INTO `ASIGNADOS` VALUES ('45768932Z','PROG');
INSERT INTO `ASIGNADOS` VALUES ('12345678Z','REDE');
